{"cameraMode":{"drawMode":0,"name":"Shaded","section":"Shading Mode"},"sceneLighting":false,"audioPlay":false,"sceneViewState":{"m_AlwaysRefresh":false,"showFog":true,"showSkybox":false,"showFlares":true,"showImageEffects":true,"showParticleSystems":true,"showVisualEffectGraphs":true,"m_FxEnabled":true},"in2DMode":false,"pivot":{"x":-0.009998798370361328,"y":1.4912471771240235,"z":16.55854606628418},"rotation":{"x":0.07132871448993683,"y":-0.01645800657570362,"z":0.0011810149298980833,"w":0.9973222613334656},"size":2.5738179683685304,"orthographic":true}